{"cameraMode":{"drawMode":0,"name":"Shaded","section":"Shading Mode"},"sceneLighting":false,"audioPlay":false,"sceneViewState":{"showFog":false,"showMaterialUpdate":true,"showSkybox":true,"showFlares":true,"showImageEffects":true,"showParticleSystems":true},"in2DMode":false,"pivot":{"x":59.14613342285156,"y":1.5672134160995484,"z":46.724552154541019},"rotation":{"x":0.04148465022444725,"y":-0.9047754406929016,"z":0.09071259200572968,"w":0.4144473969936371},"size":1.1928601264953614,"orthographic":false}