{"cameraMode":{"drawMode":0,"name":"Shaded","section":"Shading Mode"},"sceneLighting":false,"audioPlay":false,"sceneViewState":{"showFog":false,"showMaterialUpdate":true,"showSkybox":true,"showFlares":true,"showImageEffects":true,"showParticleSystems":true},"in2DMode":false,"pivot":{"x":-0.03935384750366211,"y":6.026524066925049,"z":7.999600410461426},"rotation":{"x":0.02942029945552349,"y":0.9030556082725525,"z":-0.4239272475242615,"w":0.06267868727445603},"size":21.632768630981447,"orthographic":false}