{"cameraMode":{"drawMode":0,"name":"Shaded","section":"Shading Mode"},"sceneLighting":false,"audioPlay":false,"sceneViewState":{"showFog":false,"showMaterialUpdate":true,"showSkybox":true,"showFlares":true,"showImageEffects":true,"showParticleSystems":true},"in2DMode":false,"pivot":{"x":-211.8155517578125,"y":-243.83172607421876,"z":-766.254150390625},"rotation":{"x":-0.05271891504526138,"y":-0.9471571445465088,"z":0.20927590131759644,"w":-0.23780900239944459},"size":1224.93408203125,"orthographic":false}