{"cameraMode":{"drawMode":0,"name":"Shaded","section":"Shading Mode"},"sceneLighting":true,"audioPlay":false,"sceneViewState":{"showFog":false,"showMaterialUpdate":true,"showSkybox":true,"showFlares":true,"showImageEffects":true,"showParticleSystems":true},"in2DMode":false,"pivot":{"x":44.36545181274414,"y":-17.374086380004884,"z":2.675243616104126},"rotation":{"x":0.02437540888786316,"y":0.9754338264465332,"z":-0.14595113694667817,"w":0.1640273630619049},"size":149.40052795410157,"orthographic":false}