{"cameraMode":{"drawMode":0,"name":"Shaded","section":"Shading Mode"},"sceneLighting":false,"audioPlay":false,"sceneViewState":{"showFog":false,"showMaterialUpdate":true,"showSkybox":true,"showFlares":true,"showImageEffects":true,"showParticleSystems":true},"in2DMode":false,"pivot":{"x":-0.10417506098747254,"y":0.018135756254196168,"z":0.0014124512672424317},"rotation":{"x":-0.39659419655799868,"y":-0.1870063841342926,"z":0.08244490623474121,"w":-0.8951078057289124},"size":0.17448309063911439,"orthographic":false}