{"cameraMode":{"drawMode":0,"name":"Shaded","section":"Shading Mode"},"sceneLighting":false,"audioPlay":false,"sceneViewState":{"showFog":false,"showMaterialUpdate":true,"showSkybox":true,"showFlares":true,"showImageEffects":true,"showParticleSystems":true},"in2DMode":false,"pivot":{"x":18.0377140045166,"y":1.0674805641174317,"z":65.77042388916016},"rotation":{"x":-0.16376087069511414,"y":-0.8242542743682861,"z":0.29595494270324709,"w":-0.45438820123672488},"size":9.846376419067383,"orthographic":false}