{"cameraMode":{"drawMode":0,"name":"Shaded","section":"Shading Mode"},"sceneLighting":false,"audioPlay":false,"sceneViewState":{"showFog":false,"showMaterialUpdate":true,"showSkybox":true,"showFlares":true,"showImageEffects":true,"showParticleSystems":true},"in2DMode":false,"pivot":{"x":-317.89996337890627,"y":8.55000114440918,"z":162.21998596191407},"rotation":{"x":-0.15243345499038697,"y":-0.4517143666744232,"z":0.0789518803358078,"w":-0.8756417036056519},"size":94.79476928710938,"orthographic":false}